product_key,product_name,category,brand,current_unit_price,price_band
15,Raymond At Beauty 15,Beauty,Himalaya,945.14,Mid
19,Havells Tenetur Beauty 19,Beauty,Amul,1307.55,Mid
20,Havells Iusto Grocery 20,Grocery,Godrej,78.00,Budget
29,Himalaya Vel Home 29,Home & Kitchen,Godrej,392.60,Budget
30,Lakme Voluptatem Sports 30,Sports,Boat,8766.29,Premium
40,Decathlon Facilis Sports 40,Sports,Amul,1537.40,Mid
42,Raymond Perspiciatis Sports 42,Sports,Prestige,1672.81,Mid
43,Tata Minima Grocery 43,Grocery,Raymond,483.88,Budget
44,Fabindia Illo Grocery 44,Grocery,Himalaya,146.05,Budget
53,Nivaka Quidem Sports 53,Sports,Nivaka,5824.14,Premium
54,Prestige Illo Grocery 54,Grocery,Himalaya,537.96,Mid
61,Raymond Dolorem Grocery 61,Grocery,Godrej,100.39,Budget
68,Himalaya Nulla Beauty 68,Beauty,Prestige,1403.85,Mid
71,Tata Ea Beauty 71,Beauty,Reliance,1204.53,Mid
81,Tata Occaecati Electronics 81,Electronics,Amul,5604.54,Premium
84,Tata Quibusdam Beauty 84,Beauty,Reliance,1165.16,Mid
99,Lakme Voluptatibus Grocery 99,Grocery,Amul,546.70,Mid
106,Havells Recusandae Electronics 106,Electronics,Decathlon,12886.14,Premium
113,Godrej Deserunt Grocery 113,Grocery,Amul,37.12,Budget
114,Reliance Veritatis Electronics 114,Electronics,Raymond,4796.05,Mid
119,Reliance Natus Grocery 119,Grocery,Raymond,511.15,Mid
120,Fabindia Sit Apparel 120,Apparel,Tata,2544.17,Mid
127,Tata Sequi Sports 127,Sports,Havells,1091.80,Mid
132,Raymond Est Electronics 132,Electronics,Bajaj,25881.47,Premium
136,Bajaj Blanditiis Grocery 136,Grocery,Prestige,93.77,Budget
152,Reliance Magni Grocery 152,Grocery,Nivaka,220.59,Budget
159,Fabindia Accusantium Electronics 159,Electronics,Nivaka,24271.27,Premium
164,Lakme Occaecati Beauty 164,Beauty,Lakme,2458.08,Mid
173,Reliance Nisi Home 173,Home & Kitchen,Decathlon,3907.81,Mid
175,Fabindia Deserunt Home 175,Home & Kitchen,Lakme,5686.25,Premium
192,Tata Fugit Grocery 192,Grocery,Bajaj,403.03,Budget
1,Bajaj Adipisci Apparel 1,Apparel,Reliance,1242.61,Mid
3,Nivaka Nesciunt Sports 3,Sports,Reliance,3979.38,Mid
7,Reliance Pariatur Apparel 7,Apparel,Amul,3166.13,Mid
11,Raymond Tenetur Electronics 11,Unknown,Amul,15280.91,Premium
26,Decathlon Itaque Home 26,Home & Kitchen,Bajaj,1035.17,Mid
27,Amul Placeat Sports 27,Sports,Nivaka,5848.25,Premium
33,Raymond Numquam Beauty 33,Beauty,Bajaj,2258.13,Mid
34,Decathlon Officia Electronics 34,Electronics,Lakme,12306.27,Premium
41,Himalaya Eum Beauty 41,Beauty,Bajaj,2420.01,Mid
47,Lakme Libero Grocery 47,Grocery,Prestige,165.83,Budget
69,Nivaka Facilis Grocery 69,Grocery,Amul,458.09,Budget
72,Decathlon Enim Grocery 72,Grocery,Reliance,176.70,Budget
80,Himalaya Minima Grocery 80,Grocery,Godrej,487.26,Budget
85,Amul Incidunt Apparel 85,Apparel,Fabindia,1796.86,Mid
91,Raymond Officia Sports 91,Sports,Raymond,5033.46,Premium
124,Boat Consectetur Home 124,Home & Kitchen,Boat,5478.96,Premium
129,Fabindia Earum Home 129,Home & Kitchen,Reliance,4611.12,Mid
134,Raymond Eius Electronics 134,Electronics,Nivaka,36171.02,Premium
137,Boat Quidem Grocery 137,Grocery,Tata,88.40,Budget
142,Bajaj Quam Beauty 142,Beauty,Himalaya,679.36,Mid
143,Himalaya Mollitia Beauty 143,Beauty,Tata,849.37,Mid
145,Prestige Porro Home 145,Home & Kitchen,Decathlon,7504.88,Premium
154,Prestige Dignissimos Home 154,Home & Kitchen,Godrej,7580.82,Premium
158,Havells Minima Grocery 158,Grocery,Havells,35.29,Budget
162,Godrej Laudantium Sports 162,Sports,Nivaka,1345.83,Mid
166,Tata Commodi Electronics 166,Electronics,Boat,4593.59,Mid
174,Bajaj Nesciunt Grocery 174,Grocery,Boat,64.30,Budget
178,Lakme Commodi Beauty 178,Beauty,Godrej,2243.15,Mid
179,Tata Dicta Beauty 179,Beauty,Lakme,1308.27,Mid
189,Fabindia Ab Home 189,Home & Kitchen,Nivaka,4038.56,Mid
193,Himalaya Nesciunt Apparel 193,Apparel,Havells,3767.73,Mid
199,Prestige Deserunt Sports 199,Sports,Fabindia,8409.14,Premium
200,Himalaya Eligendi Beauty 200,Beauty,Godrej,1212.41,Mid
6,Godrej Delectus Apparel 6,Apparel,Himalaya,2789.36,Mid
9,Godrej Nihil Sports 9,Sports,Boat,3067.67,Mid
16,Boat Adipisci Grocery 16,Grocery,Raymond,303.22,Budget
17,Tata Eveniet Grocery 17,Grocery,Himalaya,46.20,Budget
23,Fabindia Laboriosam Apparel 23,Apparel,Lakme,1997.38,Mid
39,Tata Dolores Apparel 39,Apparel,Raymond,1367.11,Mid
48,Havells Id Beauty 48,Beauty,Bajaj,1696.78,Mid
51,Prestige Sit Beauty 51,Beauty,Boat,2303.82,Mid
62,Decathlon Ex Apparel 62,Apparel,Godrej,2164.12,Mid
64,Raymond Animi Home 64,Home & Kitchen,Tata,7697.36,Premium
74,Lakme Voluptatum Beauty 74,Beauty,Fabindia,1255.52,Mid
82,Bajaj Quis Beauty 82,Beauty,Reliance,2211.76,Mid
86,Bajaj Cupiditate Electronics 86,Electronics,Prestige,37956.58,Premium
94,Reliance Ab Home 94,Home & Kitchen,Raymond,5626.57,Premium
105,Fabindia Dignissimos Apparel 105,Apparel,Havells,2000.08,Mid
117,Havells Inventore Sports 117,Sports,Nivaka,8059.14,Premium
121,Godrej Est Electronics 121,Electronics,Raymond,14791.59,Premium
125,Fabindia Itaque Sports 125,Sports,Bajaj,1668.28,Mid
138,Tata Occaecati Beauty 138,Beauty,Boat,1397.29,Mid
141,Reliance Commodi Electronics 141,Electronics,Bajaj,43581.11,Premium
146,Nivaka Ipsum Grocery 146,Grocery,Prestige,38.72,Budget
151,Havells Vel Beauty 151,Beauty,Havells,1787.42,Mid
165,Tata Ratione Electronics 165,Electronics,Boat,15769.09,Premium
181,Amul Incidunt Apparel 181,Apparel,Fabindia,590.25,Mid
194,Prestige Doloribus Apparel 194,Apparel,Havells,3713.99,Mid
5,Havells Quis Home 5,Home & Kitchen,Boat,1853.03,Mid
10,Reliance Numquam Electronics 10,Electronics,Amul,15248.64,Premium
31,Nivaka Quia Sports 31,Sports,Decathlon,1031.15,Mid
49,Godrej Odit Electronics 49,Electronics,Prestige,42938.99,Premium
57,Nivaka Voluptatum Electronics 57,Electronics,Bajaj,11625.91,Premium
58,Reliance Voluptate Electronics 58,Unknown,Prestige,13897.27,Premium
76,Tata Vel Beauty 76,Beauty,Godrej,1874.47,Mid
77,Bajaj Ipsum Electronics 77,Electronics,Godrej,23473.75,Premium
98,Himalaya Tenetur Sports 98,Sports,Raymond,8065.68,Premium
102,Godrej Illum Beauty 102,Beauty,Bajaj,605.87,Mid
104,Godrej Vel Electronics 104,Electronics,Himalaya,16158.08,Premium
108,Raymond Labore Sports 108,Sports,Himalaya,4482.77,Mid
111,Himalaya Perferendis Apparel 111,Apparel,Lakme,2478.75,Mid
118,Prestige Alias Grocery 118,Grocery,Reliance,55.92,Budget
123,Prestige Magnam Beauty 123,Beauty,Raymond,579.36,Mid
155,Raymond Nobis Grocery 155,Grocery,Bajaj,80.36,Budget
156,Nivaka Maxime Electronics 156,Electronics,Raymond,29440.00,Premium
163,Raymond Inventore Beauty 163,Beauty,Reliance,430.65,Budget
167,Havells Esse Home 167,Home & Kitchen,Havells,6017.68,Premium
168,Havells Numquam Beauty 168,Beauty,Tata,1463.32,Mid
176,Prestige Repudiandae Electronics 176,Electronics,Lakme,20237.61,Premium
180,Himalaya Eos Home 180,Home & Kitchen,Raymond,5688.19,Premium
188,Fabindia Commodi Grocery 188,Grocery,Himalaya,54.64,Budget
191,Nivaka Tempore Home 191,Home & Kitchen,Bajaj,1597.75,Mid
195,Tata Quos Beauty 195,Beauty,Lakme,619.71,Mid
196,Nivaka Officiis Sports 196,Sports,Fabindia,7505.85,Premium
2,Himalaya Impedit Apparel 2,Apparel,Godrej,1194.82,Mid
4,Godrej Vero Electronics 4,Electronics,Prestige,34817.61,Premium
22,Raymond Repellendus Beauty 22,Beauty,Prestige,717.61,Mid
28,Amul Rerum Electronics 28,Electronics,Lakme,29841.83,Premium
32,Decathlon Quo Grocery 32,Grocery,Decathlon,579.96,Mid
36,Himalaya Reiciendis Apparel 36,Apparel,Bajaj,1005.12,Mid
45,Prestige Architecto Grocery 45,Grocery,Tata,50.85,Budget
55,Nivaka Ducimus Apparel 55,Apparel,Decathlon,941.22,Mid
59,Raymond Vel Beauty 59,Beauty,Bajaj,2325.08,Mid
60,Fabindia Dolor Electronics 60,Electronics,Nivaka,17230.48,Premium
79,Prestige Dignissimos Electronics 79,Electronics,Godrej,13889.70,Premium
88,Amul Necessitatibus Beauty 88,Beauty,Decathlon,395.67,Budget
90,Bajaj Dignissimos Sports 90,Sports,Godrej,2355.97,Mid
92,Reliance Ipsum Apparel 92,Apparel,Himalaya,1370.96,Mid
128,Lakme Temporibus Electronics 128,Electronics,Havells,40251.45,Premium
133,Bajaj Hic Apparel 133,Apparel,Fabindia,1619.00,Mid
144,Reliance Earum Beauty 144,Beauty,Himalaya,1774.04,Mid
153,Reliance Nam Beauty 153,Beauty,Bajaj,1874.29,Mid
169,Tata Nesciunt Sports 169,Sports,Reliance,2436.82,Mid
183,Godrej Qui Electronics 183,Electronics,Fabindia,5962.29,Premium
184,Boat Iusto Electronics 184,Electronics,Godrej,2096.11,Mid
185,Raymond At Home 185,Home & Kitchen,Reliance,5251.78,Premium
187,Prestige Minus Apparel 187,Apparel,Fabindia,2476.49,Mid
197,Godrej Voluptatum Home 197,Home & Kitchen,Havells,6293.51,Premium
25,Fabindia Tenetur Sports 25,Sports,Himalaya,7748.37,Premium
37,Himalaya Delectus Sports 37,Sports,Reliance,3253.65,Mid
50,Boat Doloremque Electronics 50,Electronics,Nivaka,44818.18,Premium
52,Lakme Dolorem Grocery 52,Grocery,Boat,294.44,Budget
56,Amul Doloribus Apparel 56,Apparel,Decathlon,3276.21,Mid
65,Havells Ipsum Beauty 65,Beauty,Nivaka,163.41,Budget
73,Fabindia Ratione Apparel 73,Apparel,Prestige,2499.06,Mid
83,Raymond Dolorem Electronics 83,Electronics,Tata,9591.07,Premium
95,Amul Quisquam Home 95,Home & Kitchen,Tata,6535.92,Premium
97,Tata Iure Grocery 97,Grocery,Decathlon,356.71,Budget
101,Lakme Pariatur Grocery 101,Grocery,Bajaj,589.42,Mid
109,Godrej Voluptas Sports 109,Sports,Bajaj,1828.28,Mid
110,Amul Culpa Sports 110,Sports,Godrej,4847.55,Mid
115,Havells Quod Sports 115,Sports,Boat,4418.61,Mid
126,Tata Aspernatur Electronics 126,Electronics,Decathlon,4327.81,Mid
130,Godrej Reprehenderit Apparel 130,Apparel,Godrej,985.63,Mid
135,Reliance Adipisci Sports 135,Sports,Himalaya,3541.03,Mid
140,Fabindia Velit Sports 140,Sports,Fabindia,3381.67,Mid
150,Havells Aspernatur Electronics 150,Electronics,Himalaya,22463.20,Premium
172,Amul Dolorem Electronics 172,Electronics,Himalaya,44914.95,Premium
177,Decathlon Sapiente Beauty 177,Beauty,Boat,802.44,Mid
8,Himalaya Laborum Beauty 8,Beauty,Raymond,2392.61,Mid
21,Godrej Neque Apparel 21,Apparel,Lakme,1974.68,Mid
24,Bajaj Ullam Apparel 24,Apparel,Havells,2927.58,Mid
35,Nivaka Incidunt Apparel 35,Apparel,Prestige,1746.80,Mid
63,Nivaka Cum Apparel 63,Apparel,Raymond,2033.00,Mid
66,Himalaya Repellat Grocery 66,Grocery,Prestige,458.40,Budget
75,Himalaya Aliquid Grocery 75,Grocery,Decathlon,90.44,Budget
78,Decathlon Laborum Home 78,Home & Kitchen,Decathlon,1220.76,Mid
87,Fabindia Alias Beauty 87,Beauty,Decathlon,1735.17,Mid
89,Fabindia Praesentium Grocery 89,Grocery,Godrej,127.19,Budget
96,Himalaya Quae Apparel 96,Apparel,Nivaka,1991.20,Mid
103,Amul Rem Home 103,Home & Kitchen,Decathlon,4177.40,Mid
112,Nivaka Animi Beauty 112,Beauty,Reliance,1581.94,Mid
116,Reliance Cum Sports 116,Sports,Amul,7211.54,Premium
122,Decathlon Occaecati Home 122,Home & Kitchen,Himalaya,1195.75,Mid
131,Boat Qui Sports 131,Sports,Fabindia,4871.35,Mid
139,Prestige Veritatis Apparel 139,Apparel,Nivaka,3712.41,Mid
147,Havells Sed Electronics 147,Electronics,Tata,15387.09,Premium
149,Decathlon Quaerat Apparel 149,Apparel,Tata,3719.44,Mid
160,Tata Id Sports 160,Sports,Bajaj,6231.46,Premium
170,Amul Numquam Grocery 170,Grocery,Prestige,93.50,Budget
182,Godrej Pariatur Beauty 182,Beauty,Bajaj,653.29,Mid
12,Nivaka Adipisci Grocery 12,Grocery,Lakme,406.30,Budget
13,Prestige Illum Grocery 13,Grocery,Reliance,122.96,Budget
14,Fabindia Eaque Electronics 14,Electronics,Tata,30724.53,Premium
18,Fabindia Quasi Sports 18,Sports,Boat,8916.11,Premium
38,Himalaya Inventore Home 38,Home & Kitchen,Havells,6393.36,Premium
46,Fabindia Dignissimos Home 46,Home & Kitchen,Tata,2915.21,Mid
67,Lakme Debitis Electronics 67,Electronics,Amul,26324.35,Premium
70,Raymond Maxime Home 70,Home & Kitchen,Havells,5410.12,Premium
93,Prestige Dolor Home 93,Home & Kitchen,Nivaka,3033.61,Mid
107,Reliance Numquam Apparel 107,Apparel,Fabindia,3716.86,Mid
148,Fabindia Sed Electronics 148,Electronics,Godrej,9588.38,Premium
157,Boat Molestiae Apparel 157,Apparel,Tata,3191.70,Mid
161,Havells Laborum Home 161,Home & Kitchen,Nivaka,559.30,Mid
171,Himalaya Illo Grocery 171,Grocery,Decathlon,202.19,Budget
186,Tata Rerum Grocery 186,Grocery,Prestige,309.37,Budget
190,Boat Nemo Home 190,Home & Kitchen,Boat,3635.55,Mid
198,Bajaj Reiciendis Grocery 198,Grocery,Nivaka,488.29,Budget
