year_month,revenue,orders,mom_growth_pct
2024-01,32869699.63,1555,
2024-02,31622852.70,1492,-3.8
2024-03,34219818.90,1597,8.2
2024-04,32768031.68,1594,-4.2
2024-05,32527157.27,1596,-0.7
2024-06,30664137.69,1556,-5.7
2024-07,32717267.69,1584,6.7
2024-08,31693840.72,1549,-3.1
2024-09,29750333.56,1455,-6.1
2024-10,54208020.19,2573,82.2
2024-11,53766075.72,2528,-0.8
2024-12,32494420.47,1612,-39.6
2025-01,39521661.31,1804,21.6
2025-02,34515895.27,1656,-12.7
2025-03,36275392.05,1783,5.1
2025-04,35391021.95,1809,-2.4
2025-05,37448332.72,1810,5.8
2025-06,40191265.83,1825,7.3
2025-07,40401055.44,1896,0.5
2025-08,39683938.06,1892,-1.8
2025-09,35703130.53,1740,-10.0
2025-10,57524179.13,2808,61.1
2025-11,55277391.68,2671,-3.9
2025-12,38292348.46,1802,-30.7
2026-10,4832470.91,200,-87.4
