cohort_quarter_start,quarters_since,active_customers,retention_pct
2024-01,0,1821,100.0
2024-01,1,1661,91.2
2024-01,2,1670,91.7
2024-01,3,1755,96.4
2024-01,4,1701,93.4
2024-01,5,1727,94.8
2024-01,6,1717,94.3
2024-01,7,1783,97.9
2024-01,11,23,1.3
2024-04,0,171,100.0
2024-04,1,156,91.2
2024-04,2,165,96.5
2024-04,3,160,93.6
2024-04,4,155,90.6
2024-04,5,160,93.6
2024-04,6,167,97.7
2024-04,10,2,1.2
2024-07,0,8,100.0
2024-07,1,8,100.0
2024-07,2,7,87.5
2024-07,3,8,100.0
2024-07,4,7,87.5
2024-07,5,8,100.0
2026-10,0,10,100.0
