store_name,region,year,revenue,prev_year_revenue,yoy_growth_pct
RetailCo Chandigarh #7,NORTH,2025,25325193.55,19855106.34,27.6
RetailCo Mumbai #16,WEST,2025,25133970.57,19772966.08,27.1
RetailCo Bengaluru #8,SOUTH,2025,24549886.76,19728575.44,24.4
RetailCo Delhi #4,NORTH,2025,25979362.13,21331189.02,21.8
RetailCo Kolkata #12,EAST,2025,25245262.36,20810398.20,21.3
RetailCo Ahmedabad #3,WEST,2025,24690834.55,21053955.31,17.3
RetailCo Jaipur #5,NORTH,2025,24015626.08,20758212.31,15.7
RetailCo Pune #2,WEST,2025,25118142.79,21753855.24,15.5
RetailCo Jaipur #20,NORTH,2025,24000535.45,20810614.46,15.3
RetailCo Pune #17,WEST,2025,23452235.84,20377471.33,15.1
RetailCo Lucknow #6,NORTH,2025,24263126.47,21265644.75,14.1
RetailCo Ahmedabad #18,WEST,2025,23585573.08,20904710.90,12.8
RetailCo Chennai #9,SOUTH,2025,25176055.34,22349968.95,12.6
RetailCo Bhubaneswar #13,EAST,2025,26401570.40,23658119.75,11.6
RetailCo Guwahati #15,EAST,2025,24868116.35,22448727.87,10.8
RetailCo Patna #14,EAST,2025,23634587.04,21493529.17,10.0
RetailCo Kochi #11,SOUTH,2025,23268064.61,21663017.44,7.4
RetailCo Delhi #19,NORTH,2025,25397562.95,24220161.89,4.9
RetailCo Hyderabad #10,SOUTH,2025,23395760.49,22409812.62,4.4
RetailCo Mumbai #1,WEST,2025,22724145.62,22635619.15,0.4
RetailCo Ahmedabad #18,WEST,2024,20904710.90,,
RetailCo Ahmedabad #3,WEST,2024,21053955.31,,
RetailCo Bengaluru #8,SOUTH,2024,19728575.44,,
RetailCo Bhubaneswar #13,EAST,2024,23658119.75,,
RetailCo Chandigarh #7,NORTH,2024,19855106.34,,
RetailCo Chennai #9,SOUTH,2024,22349968.95,,
RetailCo Delhi #19,NORTH,2024,24220161.89,,
RetailCo Delhi #4,NORTH,2024,21331189.02,,
RetailCo Guwahati #15,EAST,2024,22448727.87,,
RetailCo Hyderabad #10,SOUTH,2024,22409812.62,,
RetailCo Jaipur #20,NORTH,2024,20810614.46,,
RetailCo Jaipur #5,NORTH,2024,20758212.31,,
RetailCo Kochi #11,SOUTH,2024,21663017.44,,
RetailCo Kolkata #12,EAST,2024,20810398.20,,
RetailCo Lucknow #6,NORTH,2024,21265644.75,,
RetailCo Mumbai #1,WEST,2024,22635619.15,,
RetailCo Mumbai #16,WEST,2024,19772966.08,,
RetailCo Patna #14,EAST,2024,21493529.17,,
RetailCo Pune #17,WEST,2024,20377471.33,,
RetailCo Pune #2,WEST,2024,21753855.24,,
